song_name,song_id,artists,album,duration_ms,explicit,artist_id,num_of_artists,danceability,energy,loudness,speechiness,tempo,song_title_en,outcomeAll of Me - (Tií‚sto's Birthday Treatment Remix) [Radio Edit],3OgesRs9A97HaLMZEWBM9a,['John Legend'],Love In The Future (Special Edition),251613,FALSE,5y2Xq6xcjJb2jVM54GHK3t,1,0.59805,0.75538,-5.776,0.030135,127.996,All of Me - (Tií‚sto's Birthday Treatment Remix) [Radio Edit],1Fancy,3W3KtDwAIg3mAruSpnfG3Q,"['Iggy Azalea', 'Charli XCX']",The New Classic (Deluxe Version),199938,TRUE,5yG7ZAZafVaAlMTeBybKAL,2,0.912566,0.700042,-4.672,0.072712,94.985,Fancy,1Tennis Court,74fpNVAJrKGQuqHETi4WSt,['Lorde'],Pure Heroine,198907,FALSE,163tK9Wjr9P9DmM0AVK7lm,1,0.759181,0.555604,-8.956,0.062092,90.015,Tennis Court,1Let It Go,0qcr5FMsEO85NAQjrlDRKo,[],Frozen (Original Motion Picture Soundtrack / Deluxe Edition),223840,FALSE,73Np75Wv2tju61Eo9Zw4IR,1,?,?,?,?,?,?,1Problem,6xCNYRfzZtoQRo1xruPmNq,"['Ariana Grande', 'Iggy Azalea']",My Everything (Deluxe),193920,FALSE,66CXWjxzNUsdJxJ2JdwvnR,2,0.65126,0.7985,-5.355,0.187254,103.021,Problem,1Amnesia,1JCCdiru7fhstOIF4N7WJC,['5 Seconds Of Summer'],5 Seconds Of Summer,237247,FALSE,5Rl15oVamLq7FbSb0NNBNy,1,0.457682,0.469816,-5.739,0.033882,101.875,Amnesia,1Radioactive,4G8gkOterJn0Ywt6uhqbhp,['Imagine Dragons'],Night Visions,186813,FALSE,53XhwfbYqKCa1cC15pYq2q,1,0.464454,0.670427,-8.355,0.064177,136.248,Radioactive,1On Top Of The World,4eLSCSELtKxZwXnFbNLXT5,['Imagine Dragons'],Night Visions (Deluxe),189840,FALSE,53XhwfbYqKCa1cC15pYq2q,1,0.671869,0.876415,-8.253,0.092178,100.017,On Top Of The World,1Timber,3cHyrEgdyYRjgJKSOiOtcS,"['Pitbull', 'Ke$ha']",Global Warming: Meltdown (Deluxe Version),204160,FALSE,0TnOYISbd1XYRBk9myaseg,2,0.58353,0.9603,-3.968,0.101705,129.964,Timber,1Wake Me Up,6g1NlCpW7fgqDnWbCCDrHl,['Avicii'],TRUE,247426,FALSE,1vCWHaC5f2uS3yhpwWbIA6,1,0.515522,0.660367,-9.737,0.055788,124.055,Wake Me Up,1All About That Bass,0ifSeVGUr7py5GggttDhXw,['Meghan Trainor'],All About That Bass,188754,FALSE,6JL8zeS1NmiOftqZTRgdTz,1,0.791114,0.854192,-4.309,0.061759,134.033,All About That Bass,1Wrecking Ball,2vwlzO0Qp8kfEtzTsCXfyE,['Miley Cyrus'],Bangerz (Deluxe Version),221360,FALSE,5YGY8feqx7naU7z4HrwZM6,1,0.498138,0.331395,-11.389,0.035741,119.918,Wrecking Ball,1Safe and Sound,1fzJyTCKeZuTSLByCsLRHl,['Capital Cities'],In A Tidal Wave Of Mystery,192789,FALSE,4gwpcMTbLWtBUlOijbVpuu,1,0.652213,0.776569,-5.681,0.030142,117.949,Safe And Sound,1Blame,07nH4ifBxUB4lZcsf44Brn,"['Calvin Harris', 'John Newman']",Motion,212960,FALSE,7CajNmpbOovFoOoasH2HaY,2,0.636889,0.823335,-5.43,0.057841,127.995,Blame,1Leave The Night On,3wx2kQWPn9p5UppQbNhPAk,['Sam Hunt'],Montevallo,192160,FALSE,2kucQ9jQwuD8jWdtR9Ef38,1,0.515927,0.952762,-3.828,0.062373,171.971,Leave The Night On,1A Sky Full of Stars,0FDzzruyVECATHXKHFs9eJ,['Coldplay'],Ghost Stories,268466,FALSE,4gzpq5DPGxSnKTe4SA8HAU,1,0.542656,0.565531,-9.055,0.027773,125.005,A Sky Full of Stars,1Stay The Night - Featuring Hayley Williams Of Paramore,1o4XQ7tYJrDxgEpJufbOI8,"['Zedd', 'Hayley Williams']",Clarity (Deluxe),217346,FALSE,2qxJFvFYMEDqd7ui6kSAcq,2,0.602412,0.649337,-5.769,0.040738,127.999,Stay The Night,1Wiggle (feat. Snoop Dogg),4B4zDmbHdkXZ1wUJv1yKFy,"['Jason Derulo', 'Snoop Dogg']",Tattoos [Deluxe Edition],193295,FALSE,07YZf4WDAMNwqr4jfgOZ8y,2,0.697038,0.613191,-6.66,0.240813,81.95,Wiggle,1Story of My Life,4nVBt6MZDDP6tRVdQTgxJg,['One Direction'],Midnight Memories (Deluxe),245493,FALSE,4AK6F7OLvEQ5QYCBNiQWHq,1,0.576926,0.664001,-7.672,0.055294,121.094,Story of My Life,1Blurred Lines,0Rz1KXsP4bhGxs0ffySSSn,"['Robin Thicke', 'T.I.', 'Pharrell Williams']",Blurred Lines (Deluxe),263826,FALSE,0ZrpamOxcZybMHGg1AYtHP,3,0.864211,0.609989,-4.775,0.040292,119.99,Blurred Lines,1Demons,2Oehrcv4Kov0SuIgWyQY9e,['Imagine Dragons'],Night Visions (Deluxe),175200,FALSE,53XhwfbYqKCa1cC15pYq2q,1,0.486108,0.730505,-2.951,0.036912,90.026,Demons,1"Happy - From ""Despicable Me 2""",5b88tNINg4Q4nrRbrCXUmg,['Pharrell Williams'],G I R L,232720,FALSE,2RdwBSPQiwcmiDo9kixcl8,1,0.651098,0.809944,-4.61,0.179313,160.047,"Happy - From ""Despicable Me 2""",1Don't,1huvTbEYtgltjQRXzrNKGi,['Ed Sheeran'],x (Deluxe Edition),219840,FALSE,6eUKZXaKkcviH0Ku9w2n3V,1,0.805062,0.553462,-8.498,0.061271,95.044,Don't,1Habits (Stay High),18AJRdgUoO9EYn11N7xzaT,['Tove Lo'],Queen Of The Clouds,209160,FALSE,4NHQUGzhtTLFvgF5SZesLK,1,0.734326,0.652878,-3.465,0.030507,110.019,Habits (Stay High),1Man Of The Year,5SsR3wtCOafDmZgvIdRhSm,['Schoolboy Q'],Oxymoron (Deluxe),216013,TRUE,5IcR3N7QB1j6KBL8eImZ8m,1,0.60189,0.795234,-8.099,0.070131,112.001,Man Of The Year,1Black Widow,7pNC5ZIKtwUK0ReSpM3P9f,"['Iggy Azalea', 'Rita Ora']",The New Classic,209423,TRUE,5yG7ZAZafVaAlMTeBybKAL,2,0.740767,0.697517,-4.684,0.124188,164.029,Black Widow,1Hey Brother,3zKST4nk4QJE77oLjUZ0Ng,['Avicii'],TRUE,255093,FALSE,1vCWHaC5f2uS3yhpwWbIA6,1,0.539694,0.73935,-5.303,0.045112,124.968,Hey Brother,1Ho Hey,1jdNcAD8Ir58RlsdGjJJdx,['The Lumineers'],The Lumineers,161226,FALSE,16oZKvXb6WkQlVAjwo2Wbg,1,0.685287,0.465864,-9.074,0.030378,79.936,Ho Hey,1Summertime Sadness [Lana Del Rey vs. Cedric Gervais] - Cedric Gervais Remix,6D5pfooPP6hi99RaXjkDsP,"['Lana Del Rey', 'Cedric Gervais']",Summertime Sadness [Lana Del Rey vs. Cedric Gervais] (Cedric Gervais Remix),214912,FALSE,00FQb4jTyendYWaN8pK0wa,2,0.562451,0.798351,-6.314,0.063666,125.976,Summertime Sadness,10 To 100 / The Catch Up,4jtyUzZm9WLc2AdaJ1dso7,['Drake'],0 To 100 / The Catch Up,275226,TRUE,3TVXtAsR1Inumwj472S9r4,1,0.60286,0.617052,-6.981,0.440321,179.557,0 To 100 / The Catch Up,1Stolen Dance,6vECYJHxYmm3Ydt3fF01pE,['Milky Chance'],Sadnecessary,313684,FALSE,1hzfo8twXdOegF3xireCYs,1,0.880538,0.526846,-10.278,0.038827,114.015,Stolen Dance,1Riptide,7yq4Qj7cqayVTp3FF9CWbm,['Vance Joy'],Dream Your Life Away,204280,FALSE,10exVja0key0uqUkk6LJRT,1,0.488259,0.729591,-6.676,0.034618,102.139,Riptide,1Magic,23khhseCLQqVMCIT1WMAns,['Coldplay'],Ghost Stories,285014,FALSE,4gzpq5DPGxSnKTe4SA8HAU,1,0.73755,0.482568,-8.915,0.040255,93.458,Magic,1She Looks So Perfect,1gugDOSMREb34Xo0c1PlxM,['5 Seconds Of Summer'],5 Seconds Of Summer,202496,FALSE,5Rl15oVamLq7FbSb0NNBNy,1,0.481707,0.926851,-4.481,0.129044,160.016,She Looks So Perfect,1Chandelier,4VrWlk8IQxevMvERoX08iC,['Sia'],1000 Forms Of Fear,216120,FALSE,5WUlDfRSoLAfcVSX1WnrxN,1,0.407233,0.743841,-4.507,0.04996,117.309,Chandelier,1Rather Be (feat. Jess Glynne),0TVV2gFROJaB3kIZyCUvIY,"['Clean Bandit', 'Jess Glynne']",New Eyes,227833,FALSE,6MDME20pz9RveH9rEXvrOM,2,0.792968,0.603486,-6.789,0.04147,121.03,Rather Be,1Stay With Me,7IHOIqZUUInxjVkko181PB,['Sam Smith'],In The Lonely Hour (Deluxe Edition),172723,FALSE,2wY79sveU1sp5g7SokKOiI,1,0.436676,0.361183,-8.799,0.040853,84.308,Stay With Me,13005,3Z2sglqDj1rDRMF5x0Sz2R,['Childish Gambino'],Because The Internet,234213,TRUE,73sIBHcqh3Z3NyqHKZ7FOL,1,0.472655,0.461154,-6.474,0.332621,165.985,V. 3005,1The Man,1FsH6OZCKLWbBgqj8JcCvO,['Aloe Blacc'],Lift Your Spirit,255906,FALSE,0id62QV2SZZfvBn9xpmuCl,1,0.425136,0.750888,-8.094,0.055038,85.948,The Man,1Shower,3DmW6y7wTEYHJZlLo1r6XJ,['Becky G'],Shower,206166,FALSE,4obzFoKoKRHIphyHzJ35G3,1,0.469371,0.493429,-8.159,0.068154,119.901,Shower,1Take Me To Church,7dS5EaCoMnN7DzlpT6aRn2,['Hozier'],Hozier (Deluxe),241688,FALSE,2FXC3k01G6Gw61bmprjgqS,1,0.559802,0.685174,-4.693,0.051483,128.831,Take Me To Church,1We Dem Boyz,2nrSQK3ooS0sOSecOvh5Aq,['Wiz Khalifa'],Blacc Hollywood,224933,TRUE,137W8MRPWKqSmrBGDBFSop,1,0.71466,0.719741,-10.172,0.075966,129.953,We Dem Boyz,1Ain't It Fun,1j8z4TTjJ1YOdoFEDwJTQa,['Paramore'],Paramore,296520,FALSE,74XFHRwlV6OrjEM0A2NCMF,1,0.609994,0.892591,-3.681,0.092108,104.031,Ain't It Fun,1Trumpets,6jizk5lOUnfpaZXYMdfeC6,['Jason Derulo'],Tattoos,217306,FALSE,07YZf4WDAMNwqr4jfgOZ8y,1,0.626847,0.66806,-5.762,0.222543,81.831,Trumpets,1Animals,4O594chXfv4lHvneDP0Ud0,['Maroon 5'],V (Deluxe),231013,FALSE,04gDigrS5kc9YWfZHwBETP,1,0.462121,0.751158,-6.409,0.057198,189.906,Animals,1Royals,2dLLR6qlu5UJ5gk0dKz0h3,['Lorde'],Pure Heroine,190185,FALSE,163tK9Wjr9P9DmM0AVK7lm,1,0.698641,0.425539,-9.209,0.102812,84.941,Royals,1Talk Dirty (feat. 2 Chainz),5l3CML2OnzfNs5RfVgbcLt,"['Jason Derulo', '2 Chainz']",Tattoos,177685,TRUE,07YZf4WDAMNwqr4jfgOZ8y,2,0.758313,0.656321,-7.468,0.241715,100.32,Talk Dirty,1La La La,36pLU2ywVeBKEF0rrKtmCB,"['Naughty Boy', 'Sam Smith']",Hotel Cabana (Deluxe Version),222200,FALSE,1bT7m67vi78r2oqvxrP3X5,2,0.740877,0.685549,-3.712,0.030723,125.023,La La La,1Play It Again,03fT3OHB9KyMtGMt2zwqCT,[],Crash My Party,226866,FALSE,0BvkDsjIUla7X0k6CSWh1I,1,?,?,?,?,?,?,1Latch,51ODNNDZm21HU7wI7cccRr,"['Disclosure', 'Sam Smith']",Settle (Special Edition),255631,FALSE,6nS5roXSAGhTGr34W6n7Et,2,0.730853,0.739079,-5.967,0.090861,122.024,Latch,1Summer,6YUTL4dYpB9xZO5qExPf05,['Calvin Harris'],Motion,222533,FALSE,7CajNmpbOovFoOoasH2HaY,1,0.597378,0.836357,-5.257,0.031503,127.963,Summer,1All Me,5ngydCLbzCEdtu8SEOXhPU,"['Drake', '2 Chainz', 'Big Sean']",Nothing Was The Same (Deluxe),271573,TRUE,3TVXtAsR1Inumwj472S9r4,3,0.667166,0.506093,-6.944,0.394213,122.012,All Me,1Stay High - Habits Remix,5JCi3pyggvk4B0yd0BK3ow,"['Tove Lo', 'Hippie Sabotage']",Queen Of The Clouds,258386,FALSE,4NHQUGzhtTLFvgF5SZesLK,2,0.733257,0.628692,-8.8,0.037235,121.01,Stay High - Habits Remix,1Holy Grail,1olNHIIVl4EVwIEPGYIR7G,"['JAY Z', 'Justin Timberlake']",Magna Carta... Holy Grail,338413,TRUE,3nFkdlSjzX9mRTtwJOzDYB,2,0.683369,0.536713,-6.945,0.087794,145.089,Holy Grail,1Young And Beautiful,2nMeu6UenVvwUktBCpLMK9,['Lana Del Rey'],Young And Beautiful,236053,FALSE,00FQb4jTyendYWaN8pK0wa,1,0.34986,0.439725,-8.56,0.033566,115.514,Young And Beautiful,1Waves - Robin Schulz Radio Edit,5Sf3GyLEAzJXxZ5mbCPXTu,['Mr. Probz'],Waves,208133,FALSE,33W1pnW9zScZtYTnAoWnOT,1,0.825738,0.517724,-9.305,0.038791,119.968,Waves - Robin Schulz Radio Edit,1Can't Remember to Forget You,4Uc6BcPeBKfZUlX6jhumGv,"['Shakira', 'Rihanna']",Shakira. (Deluxe Version),206866,FALSE,0EmeFodog0BfCgMzAIvKQp,2,0.694455,0.809624,-3.556,0.066116,137.968,Can't Remember to Forget You,1Wild Wild Love,6DcDdDevI94Dh4vc5anXBE,"['Pitbull', 'G.R.L.']",Wild Wild Love,202197,FALSE,0TnOYISbd1XYRBk9myaseg,2,0.652025,0.727062,-5.889,0.05215,120.079,Wild Wild Love,1Best Day Of My Life,5j9iuo3tMmQIfnEEQOOjxh,['American Authors'],"Oh, What A Life",194240,FALSE,0MlOPi3zIDMVrfA9R04Fe3,1,0.664456,0.726447,-7.54,0.031923,100.014,Best Day Of My Life,1Anaconda,1blo7jFYjDyBkD43T4cvjY,['Nicki Minaj'],Anaconda,260826,TRUE,0hCNtLu0JehylgoiP8L4Gh,1,0.942726,0.591721,-7.068,0.154965,130.009,Anaconda,1Sail,0ZR9NFol0hcgLSVJoQmREl,['AWOLNATION'],Megalithic Symphony,259102,FALSE,4njdEjTnLfcGImKZu1iSrz,1,0.831655,0.435236,-9.598,0.060401,119.057,Sail,1Show Me,2q6j0nlwgKlYy7xgrria4S,"['Kid Ink', 'Chris Brown']",My Own Lane,217800,TRUE,6KZDXtSj0SzGOV705nNeh3,2,0.710017,0.526045,-7.459,0.052934,98.221,Show Me,1Wasted,2CAK2t1reUgPK6OMgAMURB,"['Ti\xc3\xabsto', 'Matthew Koma']",A Town Called Paradise,190013,FALSE,2o5jDhtHVPhrJdv3cEQ99Z,2,0.64188,0.741291,-8.165,0.036518,111.975,Wasted,1Say Something,2N8F9mupXs9oyCLeerRfCw,"['A Great Big World', 'Christina Aguilera']",NOW That's What I Call Music Vol. 49,227173,FALSE,5xKp3UyavIBUsGy3DQdXeF,2,0.518834,0.156305,-7.543,0.035548,139.997,Say Something,1F**kin' Problems,4XoP1AkbOurU9CeZ2rMEz2,"['A$AP Rocky', 'Drake', '2 Chainz', 'Kendrick Lamar']",LONG.LIVE.A$AP (Deluxe Version),233786,TRUE,13ubrt8QOOCPljQ2FL1Kca,4,0.868885,0.686803,-6.816,0.262926,96.006,F**kin' Problems,1Latch - Acoustic,7cG68oOj0pZYoSVuP1Jzot,['Sam Smith'],In The Lonely Hour (Deluxe),223429,FALSE,2wY79sveU1sp5g7SokKOiI,1,0.360945,0.257605,-8.787,0.027713,96.667,Latch - Acoustic,1Rude,6RtPijgfPKROxEzTHNRiDp,['Magic!'],Don't Kill the Magic,224840,FALSE,0DxeaLnv6SyYk2DOqkLO8c,1,0.730976,0.71973,-7.127,0.035138,144.029,Rude,1Pompeii,3gbBpTdY8lnQwqxNCcf795,['Bastille'],Bad Blood,214147,FALSE,7EQ0qTo7fWT7DPxmxtSYEc,1,0.67287,0.728073,-5.995,0.041083,127.439,Pompeii,1This Is How We Roll,2TR7A4ulH9R1PNwMyd8o8U,"['Florida Georgia Line', 'Luke Bryan']",Here's To The Good Times...This Is How We Roll,220906,FALSE,3b8QkneNDz4JHKKKlLgYZg,2,0.557876,0.930143,-2.974,0.036161,132.083,This Is How We Roll,1Do I Wanna Know?,2UzMpPKPhbcC8RbsmuURAZ,['Arctic Monkeys'],AM,272386,FALSE,7Ln80lUS6He07XvHI8qqHH,1,0.548087,0.532495,-7.596,0.032262,85.03,Do I Wanna Know?,1Rap God,6sDQ4uiWw9OdVrCXFLSlZt,['Eminem'],The Marshall Mathers LP2 (Deluxe),363521,TRUE,7dGJo4pcD2V6oG8kP0tJRR,1,0.712201,0.838476,-2.679,0.313119,148.138,Rap God,1Bang Bang,3SaIsrEzrQGDcG1jCeaK8q,"['Jessie J', 'Ariana Grande', 'Nicki Minaj']",Sweet Talker (Deluxe Version),199386,FALSE,2gsggkzM5R49q6jpPvazou,3,0.704522,0.723013,-4.867,0.096614,150.02,Bang Bang,1"Hold On, We're Going Home",6jdOi5U5LBzQrc4c1VT983,"['Drake', 'Majid Jordan']",Nothing Was The Same (Deluxe),227880,FALSE,3TVXtAsR1Inumwj472S9r4,2,0.723322,0.404273,-10.575,0.108641,99.959,"Hold On, We're Going Home",1Let Her Go,7DFNE7NO0raLIUbgzY2rzm,['Passenger'],All The Little Lights,252866,FALSE,0gadJ2b9A4SKsB1RFkBb66,1,0.479445,0.53923,-7.364,0.059629,75.447,Let Her Go,1Sweater Weather,2QjOHCTQ1Jl3zawyYOpxh6,['The Neighbourhood'],I Love You.,240400,FALSE,77SW9BnxLY8rJ0RciFqkHh,1,0.611149,0.803093,-2.867,0.034419,124.037,Sweater Weather,1Drunk in Love,5EmCpD8tUj78VW3kgaEjME,"['Beyonc\xc3\xa9', 'JAY Z']",BEYONCíŠ,323480,TRUE,6vWDO969PvNqNYHIOW5v0m,2,0.591495,0.609116,-7.132,0.047098,140.006,Drunk in Love,1Cool Kids,13P5rwmk2EsoFRIz9UCeh9,['Echosmith'],Talking Dreams (Deluxe Version),237626,FALSE,1PbBg2aYjWLKRk84zJK15x,1,0.712055,0.666017,-6.282,0.035091,129.965,Cool Kids,1All of Me,3U4isOIWM3VvDubwSI3y7a,['John Legend'],Love In The Future,269560,FALSE,5y2Xq6xcjJb2jVM54GHK3t,1,0.472182,0.237007,-8.231,0.031833,125.087,All of Me,1Burn,0xMd5bcWTbyXS7wPrBtZA6,['Ellie Goulding'],Halcyon Days,231211,FALSE,0X2BH1fck6amBIoJhDVmmJ,1,0.309802,0.760568,-5.055,0.068164,173.983,Burn,1Break Free,1T7Htpf1kEvU9Adf8J0ekk,"['Ariana Grande', 'Zedd']",My Everything (Deluxe),214840,FALSE,66CXWjxzNUsdJxJ2JdwvnR,2,0.677759,0.731065,-4.54,0.046901,129.96,Break Free,1Money On My Mind,3PRLM4FzhplXfySa4B7bxS,['Sam Smith'],In The Lonely Hour (Deluxe Edition),192670,FALSE,2wY79sveU1sp5g7SokKOiI,1,0.67302,0.800463,-7.024,0.160048,134.024,Money On My Mind,1Team,3G6hD9B2ZHOsgf4WfNu7X1,['Lorde'],Pure Heroine,193058,FALSE,163tK9Wjr9P9DmM0AVK7lm,1,0.688761,0.620412,-6.761,0.093719,99.984,Team,1Can't Hold Us - feat. Ray Dalton,3bidbhpOYeV4knp8AIu8Xn,['Macklemore & Ryan Lewis'],The Heist,258342,FALSE,5BcAKTbp20cv7tC5VqPFoC,1,0.633498,0.882653,-6.573,0.083905,146.047,Can't Hold Us (feat. Ray Dalton),12 On,3jVtllWS5CFFWLQng8sKsr,"['Tinashe', 'Schoolboy Q']",Aquarius,227000,TRUE,0NIIxcxNHmOoyBx03SfTCD,2,0.689449,0.59346,-9.416,0.115254,101.029,2 On,1Am I Wrong,1fidCEsYlaVE3pHwKCvpFZ,['Nico & Vinz'],Black Star Elephant,247520,FALSE,0awl5piYwO0CDTHEkCjUhn,1,0.72295,0.623482,-7.323,0.031837,119.946,Am I Wrong,1Classic,6FE2iI43OZnszFLuLtvvmg,['MKTO'],MKTO,175426,FALSE,2l35CQqtYRh3d8ZIiBep4v,1,0.71898,0.786687,-4.861,0.122357,102.056,Classic,1Turn Down for What,67awxiNHNyjMXhVgsHuIrs,"['DJ Snake', 'Lil Jon']",Turn Down for What,213733,FALSE,540vIaP2JwjQb9dm3aArA4,2,0.799259,0.665173,-7.652,0.175754,99.985,Turn Down for What,1The Monster,5U8hKxSaDXB8cVeLFQjvwx,"['Eminem', 'Rihanna']",The Marshall Mathers LP2 (Deluxe),250188,TRUE,7dGJo4pcD2V6oG8kP0tJRR,2,0.784499,0.850276,-3.679,0.069144,110.004,The Monster,1Counting Stars,519uJbE3zyKLlToVA65PrP,['OneRepublic'],Native (Deluxe),257266,FALSE,5Pwc4xIPtQLFEnJriah9YJ,1,0.657541,0.676278,-6.31,0.038576,121.974,Counting Stars,1Dark Horse,4kgsK0fftHtg9gZOzkU5T2,"['Katy Perry', 'Juicy J']",PRISM (Deluxe),215672,FALSE,6jJ0s89eD6GaHleKKya26X,2,0.637441,0.582513,-7.245,0.04487,131.908,Dark Horse,1Cruise,0i5el041vd6nxrGEU8QRxy,['Florida Georgia Line'],Here's To The Good Times,208960,FALSE,3b8QkneNDz4JHKKKlLgYZg,1,0.473438,0.939405,-3.381,0.03444,147.979,Cruise,1Animals,6JEntXLt4z98CcDtIH9sU7,['Martin Garrix'],Animals,303826,FALSE,60d24wfXkVzDSfLS6hyCjZ,1,0.674919,0.868354,-6.36,0.039248,128.007,Animals - Original Mix,1Boom Clap,63bniwRWWFGoasyhX2eQHJ,['Charli XCX'],Boom Clap,169293,FALSE,25uiPmTg16RbhZWAqwLBy5,1,0.558518,0.875226,-3.433,0.142084,183.866,Boom Clap,1Me And My Broken Heart,2rJojRundKuKFgbvmCAYva,['Rixton'],Me And My Broken Heart,193826,FALSE,0kkxsdcaWmWU2yWAqclDh4,1,0.54582,0.768794,-4.803,0.04403,174.109,Me And My Broken Heart,1Sing,6K8qKeWo5MsFED7wCR6Kop,['Ed Sheeran'],x (Deluxe Edition),235382,FALSE,6eUKZXaKkcviH0Ku9w2n3V,1,0.793175,0.668626,-4.456,0.046539,120.008,Sing,1Not a Bad Thing,1A2UmLDZzDmpdzUjEkCc3z,['Justin Timberlake'],Not a Bad Thing,266533,TRUE,31TPClRtHm23RisEBtV3X7,1,0.386313,0.716044,-6.298,0.123555,85.148,Not a Bad Thing,1Na Na,07wk7gOL46W63TNxCxwATE,['Trey Songz'],Trigga (Deluxe),231906,FALSE,2iojnBLj0qIMiKPvVhLnsH,1,0.696268,0.479349,-6.691,0.040659,97.074,Na Na,1Roar,3bDGwl0X3EjQmIyFD1uif5,['Katy Perry'],PRISM (Deluxe),223546,FALSE,6jJ0s89eD6GaHleKKya26X,1,0.666076,0.765907,-4.796,0.031607,89.986,Roar,1Don't Tell 'Em,1eN27pPLzE59zuFbY8SsiT,"['Jeremih', 'YG']",Don't Tell 'Em,268453,TRUE,3KV3p5EY4AvKxOlhGHORLg,2,0.644645,0.479391,-7.214,0.212366,130.831,Don't Tell 'Em,1Maps,0DKT3yIip1M0W0J1HYS1ru,['Maroon 5'],V (Deluxe),189973,FALSE,04gDigrS5kc9YWfZHwBETP,1,0.736411,0.704337,-5.896,0.029685,120.019,Maps,1